title,genres,overview,year,rating
RRR,Action|Drama|History,Two revolutionaries form a powerful friendship and fight against British colonial rule.,2022,7.8
Baahubali: The Beginning,Action|Adventure|Drama|Fantasy,A young man discovers his royal heritage and becomes involved in a battle for the kingdom of Mahishmati.,2015,8.0
Baahubali 2: The Conclusion,Action|Adventure|Drama|Fantasy,The story of a legendary king continues as his son seeks answers and justice for his family.,2017,8.2
Pushpa: The Rise,Action|Crime|Drama,A laborer rises through the red sandalwood smuggling world and challenges powerful rivals.,2021,7.6
Pushpa 2: The Rule,Action|Crime|Drama,Pushpa expands his influence while facing powerful enemies and protecting his position.,2024,6.0
Kalki 2898 AD,Action|Drama|Sci-Fi|Fantasy,"In a dystopian future, heroes unite around a mysterious child connected to an ancient prophecy.",2024,7.0
Salaar: Part 1 - Ceasefire,Action|Crime|Drama,A powerful friendship is tested when two men become involved in a violent struggle for a kingdom.,2023,6.5
Devara: Part 1,Action|Drama,A fearless coastal leader confronts dangerous forces and protects his people from exploitation.,2024,6.0
Hanu-Man,Action|Adventure|Fantasy,A young man gains extraordinary powers and becomes a hero while protecting his village.,2024,7.8
Rangasthalam,Action|Drama|Thriller,A partially deaf young man challenges a corrupt village leader and fights for his community.,2018,8.4
Magadheera,Action|Adventure|Fantasy|Romance,A warrior discovers a connection to a heroic past and a love story separated by centuries.,2009,7.7
Eega,Action|Fantasy|Romance|Thriller,A murdered man is reborn as a housefly and uses his unusual powers to take revenge.,2012,7.7
Arjun Reddy,Drama|Romance,"A brilliant but troubled surgeon struggles with anger, addiction and the loss of his love.",2017,8.0
Jersey,Drama|Sport,A former talented cricketer decides to return to the sport to fulfill a promise to his son.,2019,8.5
Sita Ramam,Drama|Romance|Mystery,A soldier receives mysterious love letters and searches for the woman who wrote them.,2022,8.6
Hi Nanna,Drama|Romance|Family,A single father and his daughter meet a mysterious woman who changes their lives.,2023,8.0
Fidaa,Drama|Romance|Comedy,A medical student from the United States falls in love with a confident village woman.,2017,7.4
Geetha Govindam,Romance|Comedy|Drama,A kind young man gets caught in a series of misunderstandings with the woman he likes.,2018,7.7
Ye Maaya Chesave,Drama|Romance,A young aspiring filmmaker falls in love with a woman whose family and beliefs create obstacles.,2010,7.7
Bommarillu,Romance|Comedy|Drama,A young man struggles between his father's controlling expectations and his own choices in love.,2006,8.0
Ala Vaikunthapurramuloo,Action|Comedy|Drama,A man discovers the truth about his birth and becomes connected to a wealthy family.,2020,7.3
Attarintiki Daredi,Action|Comedy|Drama,A young man promises to reunite his estranged aunt with his grandfather while facing family conflicts.,2013,7.3
Athadu,Action|Thriller|Drama,A professional assassin is framed for murder and takes refuge with a family while uncovering the truth.,2005,8.2
Pokiri,Action|Crime|Thriller,A ruthless gangster becomes involved with a mysterious man whose real identity is hidden.,2006,8.3
Okkadu,Action|Romance|Drama,A kabaddi player helps a woman escape from a dangerous faction leader.,2003,8.0
Dookudu,Action|Comedy|Drama,A police officer tries to protect his father while secretly pursuing a powerful criminal.,2011,7.5
Businessman,Action|Crime|Drama,An ambitious man arrives in Mumbai with plans to build a powerful criminal empire.,2012,7.2
Janatha Garage,Action|Drama,An environmentally conscious young man joins forces with a powerful garage owner who helps people in need.,2016,7.2
Temper,Action|Crime|Drama,A corrupt police officer changes after a powerful case forces him to confront his own actions.,2015,7.4
Srimanthudu,Action|Drama,A wealthy man adopts a village and works to improve the lives of its people.,2015,7.4
Bharat Ane Nenu,Drama|Political,A young man unexpectedly becomes chief minister and attempts to bring major reforms.,2018,7.5
Maharshi,Drama|Action,A successful businessman returns to his roots and becomes involved in improving a farming community.,2019,7.3
Jalsa,Action|Drama|Comedy,A young man with a troubled past becomes involved in politics and faces an influential opponent.,2008,7.8
Gabbar Singh,Action|Comedy|Drama,A fearless police officer returns to his hometown and takes on a powerful local leader.,2012,7.1
Race Gurram,Action|Comedy|Drama,A carefree young man gets involved in his brother's police mission against a corrupt politician.,2014,7.2
Sarrainodu,Action|Drama|Romance,A fearless man takes on powerful criminals while protecting innocent people.,2016,6.6
Akhanda,Action|Drama|Fantasy,A powerful spiritual warrior fights evil forces threatening a family and a community.,2021,6.9
Karthikeya 2,Adventure|Mystery|Fantasy,A doctor becomes involved in a mysterious adventure connected to an ancient spiritual secret.,2022,7.9
Goodachari,Action|Thriller|Mystery,A young intelligence officer uncovers a conspiracy while trying to clear his name.,2018,7.8
Agent Sai Srinivasa Athreya,Comedy|Crime|Mystery|Thriller,An eccentric detective investigates a mysterious case involving unidentified bodies.,2019,8.3
HIT: The First Case,Crime|Mystery|Thriller|Drama,A police officer battling personal trauma investigates the disappearance of a young woman.,2020,7.7
Evaru,Crime|Mystery|Thriller,A police officer investigates a murder case and discovers that the truth is more complicated than it appears.,2019,8.1
Brochevarevarura,Comedy|Crime|Drama,Three friends and a troubled student become involved in a strange kidnapping plan.,2019,8.0
Pelli Choopulu,Comedy|Romance|Drama,Two young people meet through an arranged marriage meeting and begin building a food business together.,2016,8.2
Mahanati,Biography|Drama,A biographical story about the rise and struggles of legendary actress Savitri.,2018,8.4
C/o Kancharapalem,Drama|Romance,Four interconnected love stories explore relationships and human emotions in a small town.,2018,8.8
Mathu Vadalara,Comedy|Crime|Thriller,A delivery worker becomes trapped in a strange criminal situation while trying to improve his life.,2019,7.9
DJ Tillu,Comedy|Crime|Romance,A carefree young man becomes involved in a dangerous situation after meeting a mysterious woman.,2022,7.2
Tillu Square,Comedy|Crime|Romance,"Tillu gets pulled into another chaotic adventure involving romance, crime and unexpected trouble.",2024,6.9
